{
  "ch":"market.btcusdt.depth.step1",
  "ts":1654430707983,
  "tick":{
    "bids":[[29722.6,1.719503],[29722.1,2.0E-4],[29719.6,0.50074],[29719.4,0.002196],[29718.0,0.016834],[29717.9,0.021729],[29717.7,0.05],[29717.2,0.025],[29717.1,0.295095],[29716.9,0.631837],[29716.7,0.05],[29716.6,0.164],[29716.4,0.04],[29716.3,0.025],[29716.0,0.025],[29715.9,2.464391],[29715.2,0.015813],[29715.0,0.64],[29714.9,0.7],[29714.4,0.12]],
    "asks":[[29722.7,0.9705319448487938],[29723.7,9.39E-4],[29724.1,0.03],[29725.1,0.05],[29725.2,0.1902],[29725.4,0.091191],[29725.6,0.03],[29725.7,0.12],[29725.8,1.185325],[29726.0,0.16],[29726.1,0.32],[29726.3,0.04],[29727.2,0.398308],[29728.7,0.164],[29728.9,0.05],[29729.7,2.412897],[29731.3,0.009392],[29731.4,0.025],[29731.6,0.015813],[29731.9,0.025]],
    "version":155839993711,
    "ts":1654430707000
  }
}
