{"huobi":
{"bids":[[30987.5,4.520154],[30986.9,0.01],[30986.2,0.09914],[30985.1,0.04],[30984.9,0.453136],[30984.1,0.24],[30983.8,0.64],[30983.4,0.027263],[30983.2,0.010057],[30982.0,0.0487],[30981.6,0.162],[30981.5,0.00213],[30981.2,2.0E-4],[30979.8,0.373311],[30979.2,0.2],[30978.9,0.06],[30978.8,0.001],[30978.6,0.064466],[30978.4,0.05],[30978.0,0.362]],
  "asks":[[30987.6,1.445870456403971],[30987.8,0.001],[30993.3,0.03],[30995.0,0.87421],[30997.9,0.163995],[30999.2,0.009821],[30999.7,0.016145],[30999.8,0.05],[31000.0,0.215929],[31000.4,0.163505],[31000.7,0.32],[31000.9,0.0058],[31001.0,0.227648],[31001.1,0.04],[31001.4,0.04],[31001.7,0.04],[31003.8,0.162],[31005.6,0.001],[31007.2,0.03],[31007.4,0.187]],"version":155893229574,"ts":1654481668000,
  "okx":{"asks":[[30987.5,1.83527185,0,9],[3A0987.7,0,0,0],[30987.8,0,0,0],[30987.9,0.4952,0,1],[30988.1,0,0,0],[30988.2,2.02011862,0,4],[30989.5,0.00244127,0,1],[30990.9,0,0,0],[30991.1,0.0161,0,1],[30991.2,0,0,0],[30991.3,0.124,0,1],[30993.1,0.01638,0,2],[30993.4,0.01392408,0,2],[30994.3,0,0,0],[30997.2,0.06469,0,1],[30998.9,0.025,0,1],[31000.6,0.03725726,0,1],[31002.8,0.097,0,1],[31004.5,0.00584607,0,1],[31005.4,0,0,0],[31005.5,1.044,0,4],[31007,0,0,0],[31007.5,0,0,0],[31010.4,0,0,0],[31012,0,0,0],[31012.1,0.64687067,0,2],[31015,0,0,0],[31018.6,0,0,0],[31018.8,0.48,0,1],[31025.5,0,0,0],[31025.8,0.568,0,1],[31029.4,0.364,0,2],[31035.1,0,0,0],[31036.6,0,0,0],[31166.3,0,0,0],[31166.5,0,0,0],[31166.6,0,0,0]],"bids":[[30988.1,0,0,0],[30987.7,0,0,0],[30986.5,0,0,0],[30986.1,0.00291312,0,1],[30986,0,0,0],[30985.6,0.00291312,0,1],[30985.5,0,0,0],[30984.3,0,0,0],[30983.7,0,0,0],[30983.6,0.06454,0,2],[30983.5,0.06454,0,2],[30982.6,0,0,0],[30982.1,0.06469,0,1],[30981.8,0,0,0],[30981.2,0.0653252,0,1],[30981.1,0,0,0],[30978.7,0,0,0],[30978.6,0,0,0],[30978,0.00291312,0,1],[30977.2,0,0,0],[30976,0,0,0],[30973.7,0.1487,0,1],[30972.5,0.097,0,1],[30968.5,0,0,0],[30963.7,0.08715155,0,2],[30962,0,0,0],[30960.1,0,0,0],[30957.8,0,0,0],[30906.5,0.05080178,0,1],[30673.5,0.00097281,0,1],[30672.7,0.00001073,0,1],[30671.5,0.00127484,0,1],[30670,0.0006521,0,1],[30669.2,0.00013042,0,1],[30668.3,0,0,0]],"ts":"1654481668869"},